<?xml version="1.0" encoding="UTF-8"?>
<project-private xmlns="http://www.netbeans.org/ns/project-private/1">
    <editor-bookmarks xmlns="http://www.netbeans.org/ns/editor-bookmarks/2" lastBookmarkId="0"/>
    <open-files xmlns="http://www.netbeans.org/ns/projectui-open-files/2">
        <group>
            <file>file:/C:/Users/hs_sa/Desktop/Assignment_4_AED/src/UI/MainJFrame.java</file>
            <file>file:/C:/Users/hs_sa/Desktop/Assignment_4_AED/src/model/PersonDirectory.java</file>
            <file>file:/C:/Users/hs_sa/Desktop/Assignment_4_AED/src/model/Person.java</file>
            <file>file:/C:/Users/hs_sa/Desktop/Assignment_4_AED/src/UI/AnalyseJPanel.java</file>
            <file>file:/C:/Users/hs_sa/Desktop/Assignment_4_AED/src/model/House.java</file>
            <file>file:/C:/Users/hs_sa/Desktop/Assignment_4_AED/src/model/Community.java</file>
            <file>file:/C:/Users/hs_sa/Desktop/Assignment_4_AED/src/model/City.java</file>
            <file>file:/C:/Users/hs_sa/Desktop/Assignment_4_AED/src/model/Patient.java</file>
            <file>file:/C:/Users/hs_sa/Desktop/Assignment_4_AED/src/UI/PatientJPanel.java</file>
            <file>file:/C:/Users/hs_sa/Desktop/Assignment_4_AED/src/UI/PersonJPanel.java</file>
            <file>file:/C:/Users/hs_sa/Desktop/Assignment_4_AED/src/model/PatientDirectory.java</file>
            <file>file:/C:/Users/hs_sa/Desktop/Assignment_4_AED/src/UI/Overview.java</file>
            <file>file:/C:/Users/hs_sa/Desktop/Assignment_4_AED/src/model/Encounter.java</file>
            <file>file:/C:/Users/hs_sa/Desktop/Assignment_4_AED/src/model/EncounterHistory.java</file>
            <file>file:/C:/Users/hs_sa/Desktop/Assignment_4_AED/src/model/VitalSigns.java</file>
        </group>
    </open-files>
</project-private>
